<scene version="3.0.0">
	<default name="integrator" value="path" />
	<default name="spp" value="64" />
	<default name="resy" value="1024" />
	<default name="resx" value="1024" />
	<default name="max_depth" value="65" />
	<integrator type="$integrator">
		<integer name="max_depth" value="$max_depth" />
	</integrator>
	<sensor type="perspective">
		<float name="fov" value="19.5" />
		<transform name="to_world">
			<matrix value="-1 0 0 0 0 1 0 1 0 0 -1 6.8 0 0 0 1" />
		</transform>
		<sampler type="independent">
			<integer name="sample_count" value="$spp" />
		</sampler>
		<film type="hdrfilm">
			<integer name="width" value="$resx" />
			<integer name="height" value="$resy" />
			<string name="file_format" value="openexr" />
			<string name="pixel_format" value="rgb" />
			<rfilter type="tent" />
		</film>
	</sensor>
	<bsdf type="twosided" id="LeftWallBSDF">
		<bsdf type="diffuse">
			<rgb name="reflectance" value="0.63, 0.065, 0.05" />
		</bsdf>
	</bsdf>
	<bsdf type="twosided" id="RightWallBSDF">
		<bsdf type="diffuse">
			<rgb name="reflectance" value="0.14, 0.45, 0.091" />
		</bsdf>
	</bsdf>
	<bsdf type="twosided" id="FloorBSDF">
		<bsdf type="diffuse">
			<rgb name="reflectance" value="0.725, 0.71, 0.68" />
		</bsdf>
	</bsdf>
	<bsdf type="twosided" id="CeilingBSDF">
		<bsdf type="diffuse">
			<rgb name="reflectance" value="0.725, 0.71, 0.68" />
		</bsdf>
	</bsdf>
	<bsdf type="twosided" id="BackWallBSDF">
		<bsdf type="diffuse">
			<rgb name="reflectance" value="0.725, 0.71, 0.68" />
		</bsdf>
	</bsdf>
	<bsdf type="twosided" id="ShortBoxBSDF">
		<bsdf type="diffuse">
			<rgb name="reflectance" value="0.725, 0.71, 0.68" />
		</bsdf>
	</bsdf>
	<bsdf type="twosided" id="TallBoxBSDF">
		<bsdf type="diffuse">
			<rgb name="reflectance" value="0.725, 0.71, 0.68" />
		</bsdf>
	</bsdf>
	<bsdf type="twosided" id="LightBSDF">
		<bsdf type="diffuse">
			<rgb name="reflectance" value="0, 0, 0" />
		</bsdf>
	</bsdf>
	<shape type="rectangle" id="Floor">
		<transform name="to_world">
			<matrix value="-4.37114e-008 1 4.37114e-008 0 0 -8.74228e-008 2 0 1 4.37114e-008 1.91069e-015 0 0 0 0 1" />
		</transform>
		<ref id="FloorBSDF" />
	</shape>
	<shape type="rectangle" id="Ceiling">
		<transform name="to_world">
			<matrix value="-1 7.64274e-015 -1.74846e-007 0 8.74228e-008 8.74228e-008 -2 2 0 -1 -4.37114e-008 0 0 0 0 1" />
		</transform>
		<ref id="CeilingBSDF" />
	</shape>
	<shape type="rectangle" id="BackWall">
		<transform name="to_world">
			<matrix value="1.91069e-015 1 1.31134e-007 0 1 3.82137e-015 -8.74228e-008 1 -4.37114e-008 1.31134e-007 -2 -1 0 0 0 1" />
		</transform>
		<ref id="BackWallBSDF" />
	</shape>
	<shape type="rectangle" id="RightWall">
		<transform name="to_world">
			<matrix value="4.37114e-008 -1.74846e-007 2 1 1 3.82137e-015 -8.74228e-008 1 3.82137e-015 1 2.18557e-007 0 0 0 0 1" />
		</transform>
		<ref id="RightWallBSDF" />
	</shape>
	<shape type="rectangle" id="LeftWall">
		<transform name="to_world">
			<matrix value="-4.37114e-008 8.74228e-008 -2 -1 1 3.82137e-015 -8.74228e-008 1 0 -1 -4.37114e-008 0 0 0 0 1" />
		</transform>
		<ref id="LeftWallBSDF" />
	</shape>
	<shape type="cube" id="ShortBox">
		<transform name="to_world">
			<matrix value="0.0851643 0.289542 1.31134e-008 0.328631 3.72265e-009 1.26563e-008 -0.3 0.3 -0.284951 0.0865363 5.73206e-016 0.374592 0 0 0 1" />
		</transform>
		<ref id="ShortBoxBSDF" />
	</shape>
	<shape type="cube" id="TallBox">
		<transform name="to_world">
			<matrix value="0.286776 0.098229 -2.29282e-015 -0.335439 -4.36233e-009 1.23382e-008 -0.6 0.6 -0.0997984 0.282266 2.62268e-008 -0.291415 0 0 0 1" />
		</transform>
		<ref id="TallBoxBSDF" />
	</shape>
	<shape type="rectangle" id="Light">
		<transform name="to_world">
			<matrix value="0.235 -1.66103e-008 -7.80685e-009 -0.005 -2.05444e-008 3.90343e-009 -0.0893 1.98 2.05444e-008 0.19 8.30516e-009 -0.03 0 0 0 1" />
		</transform>
		<ref id="LightBSDF" />
		<emitter type="area">
			<rgb name="radiance" value="17, 12, 4" />
		</emitter>
	</shape>
</scene>